,A,C,D,E,F,G,H,I,K,L,M,N,P,Q,R,S,T,V,W,Y
A,7,-3,0,0,0,-2,1,-2,1,-1,1,0,-3,1,1,1,0,-1,1,0
C,-3,7,-4,-5,-2,-4,-2,-3,-5,-3,-3,-3,-6,-4,-4,-2,-2,-3,-2,-1
D,0,-4,7,2,-2,-1,1,-4,2,-3,-1,2,-1,2,2,2,1,-3,0,-1
E,0,-5,2,7,-3,-2,1,-4,3,-3,-1,2,-2,3,2,1,0,-4,-1,-2
F,0,-2,-2,-3,7,-3,-1,0,-2,0,0,-2,-4,-1,-2,-1,0,0,0,1
G,-2,-4,-1,-2,-3,7,0,-4,-1,-4,-2,0,-4,-1,-1,0,-1,-4,-2,-1
J,1,-2,1,1,-1,0,7,-2,1,-2,0,2,-2,2,1,2,2,-2,1,1
I,-2,-3,-4,-4,0,-4,-2,7,-3,0,0,-3,-5,-2,-3,-2,-1,1,-1,-1
K,1,-5,2,3,-2,-1,1,-3,7,-2,-1,2,-1,3,3,2,1,-3,0,-1
L,-1,-3,-3,-3,0,-4,-2,0,-2,7,1,-2,-5,-1,-2,-1,-1,0,-1,-1
M,1,-3,-1,-1,0,-2,0,0,-1,1,7,-1,-4,0,0,0,0,0,1,0
N,0,-3,2,2,-2,0,2,-3,2,-2,-1,7,-1,2,2,2,1,-3,0,0
P,-3,-6,-1,-2,-4,-4,-2,-5,-1,-5,-4,-1,7,-2,-2,-1,-1,-4,-3,-3
Q,1,-4,2,3,-1,-1,2,-2,3,-1,0,2,-2,7,2,2,1,-2,0,0
R,1,-4,2,2,-2,-1,1,-3,3,-2,0,2,-2,2,7,2,1,-2,0,-1
S,1,-2,2,1,-1,0,2,-2,2,-1,0,2,-1,2,2,7,2,-1,1,1
T,0,-2,1,0,0,-1,2,-1,1,-1,0,1,-1,1,1,2,7,0,0,1
V,-1,-3,-3,-4,0,-4,-2,1,-3,0,0,-3,-4,-2,-2,-1,0,7,-1,0
W,1,-2,0,-1,0,-2,1,-1,0,-1,1,0,-3,0,0,1,0,-1,7,1
Y,0,-1,-1,-2,1,-1,1,-1,-1,-1,0,0,-3,0,-1,1,1,0,1,7
